-- MySQL dump 10.13  Distrib 8.0.18, for Win64 (x86_64)
--
-- Host: localhost    Database: yeruicao
-- ------------------------------------------------------
-- Server version	8.0.18

/*!40101 SET @OLD_CHARACTER_SET_CLIENT=@@CHARACTER_SET_CLIENT */;
/*!40101 SET @OLD_CHARACTER_SET_RESULTS=@@CHARACTER_SET_RESULTS */;
/*!40101 SET @OLD_COLLATION_CONNECTION=@@COLLATION_CONNECTION */;
/*!50503 SET NAMES utf8mb4 */;
/*!40103 SET @OLD_TIME_ZONE=@@TIME_ZONE */;
/*!40103 SET TIME_ZONE='+00:00' */;
/*!40014 SET @OLD_UNIQUE_CHECKS=@@UNIQUE_CHECKS, UNIQUE_CHECKS=0 */;
/*!40014 SET @OLD_FOREIGN_KEY_CHECKS=@@FOREIGN_KEY_CHECKS, FOREIGN_KEY_CHECKS=0 */;
/*!40101 SET @OLD_SQL_MODE=@@SQL_MODE, SQL_MODE='NO_AUTO_VALUE_ON_ZERO' */;
/*!40111 SET @OLD_SQL_NOTES=@@SQL_NOTES, SQL_NOTES=0 */;

--
-- Table structure for table `prediction1`
--

DROP TABLE IF EXISTS `prediction1`;
/*!40101 SET @saved_cs_client     = @@character_set_client */;
/*!50503 SET character_set_client = utf8mb4 */;
CREATE TABLE `prediction1` (
  `adcode` int(11) DEFAULT NULL,
  `province` varchar(50) DEFAULT NULL,
  `city` varchar(40) DEFAULT NULL,
  `reporttime` varchar(40) DEFAULT NULL
) ENGINE=InnoDB DEFAULT CHARSET=utf8mb4 COLLATE=utf8mb4_0900_ai_ci;
/*!40101 SET character_set_client = @saved_cs_client */;

--
-- Dumping data for table `prediction1`
--

LOCK TABLES `prediction1` WRITE;
/*!40000 ALTER TABLE `prediction1` DISABLE KEYS */;
INSERT INTO `prediction1` VALUES (110000,'北京','北京市','2020-01-08 22:04:26'),(120000,'天津','天津市','2020-01-08 22:03:47'),(130100,'河北','石家庄市','2020-01-08 22:01:30'),(140100,'山西','太原市','2020-01-08 22:04:36'),(150100,'内蒙古','呼和浩特市','2020-01-08 22:22:14'),(210100,'辽宁','沈阳市','2020-01-08 22:25:19'),(220100,'吉林','长春市','2020-01-08 22:03:33'),(230100,'黑龙江','哈尔滨市','2020-01-08 22:23:46'),(310000,'上海','上海市','2020-01-08 21:57:22'),(320100,'江苏','南京市','2020-01-08 21:56:58'),(330100,'浙江','杭州市','2020-01-08 22:00:22'),(340100,'安徽','合肥市','2020-01-08 21:56:28'),(350100,'福建','福州市','2020-01-08 21:57:26'),(360100,'江西','南昌市','2020-01-08 22:02:24'),(370100,'山东','济南市','2020-01-08 21:58:18'),(410100,'河南','郑州市','2020-01-08 22:22:56'),(420100,'湖北','武汉市','2020-01-08 22:24:41'),(430100,'湖南','长沙市','2020-01-08 21:55:49'),(440100,'广东','广州市','2020-01-08 22:23:35'),(450100,'广西','南宁市','2020-01-08 22:00:42'),(460100,'海南','海口市','2020-01-08 21:59:33'),(500100,'重庆','重庆城区','2020-01-08 21:59:20'),(510100,'四川','成都市','2020-01-08 22:02:54'),(520100,'贵州','贵阳市','2020-01-08 21:59:14'),(530100,'云南','昆明市','2020-01-08 22:04:14'),(540100,'西藏','拉萨市','2020-01-08 21:56:43'),(610100,'陕西','西安市','2020-01-08 21:58:26'),(620100,'甘肃','兰州市','2020-01-08 22:01:47'),(630100,'青海','西宁市','2020-01-08 21:59:44'),(640100,'宁夏','银川市','2020-01-08 21:59:52'),(650100,'新疆','乌鲁木齐市','2020-01-08 22:24:33'),(710000,'台湾','台湾省','2020-01-08 22:02:38'),(810000,'香港','香港特别行政区','2020-01-08 22:02:07'),(820000,'澳门','澳门特别行政区','2020-01-08 22:02:38'),(110000,'北京','北京市','2020-01-08 22:04:26'),(120000,'天津','天津市','2020-01-08 22:03:47'),(130100,'河北','石家庄市','2020-01-08 22:01:30'),(140100,'山西','太原市','2020-01-08 22:04:36'),(150100,'内蒙古','呼和浩特市','2020-01-08 22:22:14'),(210100,'辽宁','沈阳市','2020-01-08 22:25:19'),(220100,'吉林','长春市','2020-01-08 22:03:33'),(230100,'黑龙江','哈尔滨市','2020-01-08 22:23:46'),(310000,'上海','上海市','2020-01-08 22:27:07'),(320100,'江苏','南京市','2020-01-08 22:26:15'),(330100,'浙江','杭州市','2020-01-08 22:00:22'),(340100,'安徽','合肥市','2020-01-08 22:28:25'),(350100,'福建','福州市','2020-01-08 22:28:33'),(360100,'江西','南昌市','2020-01-08 22:02:24'),(370100,'山东','济南市','2020-01-08 22:26:05'),(410100,'河南','郑州市','2020-01-08 22:22:56'),(420100,'湖北','武汉市','2020-01-08 22:24:41'),(430100,'湖南','长沙市','2020-01-08 21:55:49'),(440100,'广东','广州市','2020-01-08 22:23:35'),(450100,'广西','南宁市','2020-01-08 22:00:42'),(460100,'海南','海口市','2020-01-08 21:59:33'),(500100,'重庆','重庆城区','2020-01-08 22:27:38'),(510100,'四川','成都市','2020-01-08 22:02:54'),(520100,'贵州','贵阳市','2020-01-08 22:27:32'),(530100,'云南','昆明市','2020-01-08 22:04:14'),(540100,'西藏','拉萨市','2020-01-08 22:27:55'),(610100,'陕西','西安市','2020-01-08 22:26:41'),(620100,'甘肃','兰州市','2020-01-08 22:01:47'),(630100,'青海','西宁市','2020-01-08 21:59:44'),(640100,'宁夏','银川市','2020-01-08 21:59:52'),(650100,'新疆','乌鲁木齐市','2020-01-08 22:24:33'),(710000,'台湾','台湾省','2020-01-08 22:02:38'),(810000,'香港','香港特别行政区','2020-01-08 22:02:07'),(820000,'澳门','澳门特别行政区','2020-01-08 22:02:38'),(110000,'北京','北京市','2020-01-08 22:04:26'),(120000,'天津','天津市','2020-01-08 22:03:47'),(130100,'河北','石家庄市','2020-01-08 22:01:30'),(140100,'山西','太原市','2020-01-08 22:04:36'),(150100,'内蒙古','呼和浩特市','2020-01-08 22:22:14'),(210100,'辽宁','沈阳市','2020-01-08 22:25:19'),(220100,'吉林','长春市','2020-01-08 22:03:33'),(230100,'黑龙江','哈尔滨市','2020-01-08 22:23:46'),(310000,'上海','上海市','2020-01-08 22:27:07'),(320100,'江苏','南京市','2020-01-08 22:26:15'),(330100,'浙江','杭州市','2020-01-08 22:00:22'),(340100,'安徽','合肥市','2020-01-08 22:28:25'),(350100,'福建','福州市','2020-01-08 22:28:33'),(360100,'江西','南昌市','2020-01-08 22:02:24'),(370100,'山东','济南市','2020-01-08 22:26:05'),(410100,'河南','郑州市','2020-01-08 22:22:56'),(420100,'湖北','武汉市','2020-01-08 22:24:41'),(430100,'湖南','长沙市','2020-01-08 21:55:49'),(440100,'广东','广州市','2020-01-08 22:23:35'),(450100,'广西','南宁市','2020-01-08 22:00:42'),(460100,'海南','海口市','2020-01-08 21:59:33'),(500100,'重庆','重庆城区','2020-01-08 22:27:38'),(510100,'四川','成都市','2020-01-08 22:02:54'),(520100,'贵州','贵阳市','2020-01-08 22:27:32'),(530100,'云南','昆明市','2020-01-08 22:04:14'),(540100,'西藏','拉萨市','2020-01-08 22:27:55'),(610100,'陕西','西安市','2020-01-08 22:26:41'),(620100,'甘肃','兰州市','2020-01-08 22:01:47'),(630100,'青海','西宁市','2020-01-08 21:59:44'),(640100,'宁夏','银川市','2020-01-08 21:59:52'),(650100,'新疆','乌鲁木齐市','2020-01-08 22:24:33'),(710000,'台湾','台湾省','2020-01-08 22:02:38'),(810000,'香港','香港特别行政区','2020-01-08 22:02:07'),(820000,'澳门','澳门特别行政区','2020-01-08 22:02:38');
/*!40000 ALTER TABLE `prediction1` ENABLE KEYS */;
UNLOCK TABLES;

--
-- Table structure for table `prediction2`
--

DROP TABLE IF EXISTS `prediction2`;
/*!40101 SET @saved_cs_client     = @@character_set_client */;
/*!50503 SET character_set_client = utf8mb4 */;
CREATE TABLE `prediction2` (
  `adcode` int(11) DEFAULT NULL,
  `date` varchar(40) DEFAULT NULL,
  `week` int(11) DEFAULT NULL,
  `dayweather` varchar(40) DEFAULT NULL,
  `nightweather` varchar(40) DEFAULT NULL,
  `daytemp` int(11) DEFAULT NULL,
  `nighttemp` int(11) DEFAULT NULL,
  `daywind` varchar(40) DEFAULT NULL,
  `nightwind` varchar(40) DEFAULT NULL,
  `daypower` varchar(40) DEFAULT NULL,
  `nightpower` varchar(40) DEFAULT NULL
) ENGINE=InnoDB DEFAULT CHARSET=utf8mb4 COLLATE=utf8mb4_0900_ai_ci;
/*!40101 SET character_set_client = @saved_cs_client */;

--
-- Dumping data for table `prediction2`
--

LOCK TABLES `prediction2` WRITE;
/*!40000 ALTER TABLE `prediction2` DISABLE KEYS */;
INSERT INTO `prediction2` VALUES (110000,'2020-01-08',3,'晴','晴',5,-6,'西南','西南','≤3','≤3'),(110000,'2020-01-09',4,'晴','多云',5,-6,'无风向','无风向','≤3','≤3'),(110000,'2020-01-10',5,'多云','多云',6,-5,'北','北','4','4'),(110000,'2020-01-11',6,'多云','多云',2,-5,'南','南','≤3','≤3'),(120000,'2020-01-08',3,'晴','晴',4,-3,'西','西','≤3','≤3'),(120000,'2020-01-09',4,'多云','多云',5,-4,'西南','西南','≤3','≤3'),(120000,'2020-01-10',5,'多云','多云',5,-4,'北','北','4','4'),(120000,'2020-01-11',6,'阴','阴',3,-3,'东','东','≤3','≤3'),(130100,'2020-01-08',3,'晴','晴',5,-4,'无风向','无风向','≤3','≤3'),(130100,'2020-01-09',4,'晴','多云',3,-4,'无风向','无风向','≤3','≤3'),(130100,'2020-01-10',5,'阴','阴',4,-3,'北','北','≤3','≤3'),(130100,'2020-01-11',6,'阴','多云',1,-5,'北','北','≤3','≤3'),(140100,'2020-01-08',3,'多云','晴',-1,-9,'西南','西南','≤3','≤3'),(140100,'2020-01-09',4,'多云','多云',1,-9,'无风向','无风向','≤3','≤3'),(140100,'2020-01-10',5,'多云','小雪',2,-9,'北','北','≤3','≤3'),(140100,'2020-01-11',6,'晴','晴',2,-9,'西','西','≤3','≤3'),(150100,'2020-01-08',3,'多云','晴',-5,-16,'南','南','≤3','≤3'),(150100,'2020-01-09',4,'晴','多云',-5,-16,'西','西','≤3','≤3'),(150100,'2020-01-10',5,'晴','晴',-5,-16,'北','北','≤3','≤3'),(150100,'2020-01-11',6,'晴','晴',-6,-15,'西南','西南','≤3','≤3'),(210100,'2020-01-08',3,'小雪','多云',-6,-15,'西北','西北','≤3','≤3'),(210100,'2020-01-09',4,'晴','晴',-4,-14,'南','南','≤3','≤3'),(210100,'2020-01-10',5,'晴','晴',-2,-18,'西北','西北','≤3','≤3'),(210100,'2020-01-11',6,'多云','多云',-8,-18,'北','北','≤3','≤3'),(220100,'2020-01-08',3,'小雪','多云',-9,-14,'西南','西南','≤3','≤3'),(220100,'2020-01-09',4,'多云','晴',-7,-15,'西南','西南','≤3','≤3'),(220100,'2020-01-10',5,'晴','晴',-6,-18,'西北','西北','≤3','≤3'),(220100,'2020-01-11',6,'多云','多云',-9,-22,'西北','西北','≤3','≤3'),(230100,'2020-01-08',3,'多云','多云',-13,-22,'西北','西北','≤3','≤3'),(230100,'2020-01-09',4,'多云','多云',-13,-22,'南','南','≤3','≤3'),(230100,'2020-01-10',5,'多云','多云',-11,-24,'西南','西南','≤3','≤3'),(230100,'2020-01-11',6,'多云','多云',-16,-27,'西','西','≤3','≤3'),(310000,'2020-01-08',3,'阴','小雨',7,4,'无风向','无风向','≤3','≤3'),(310000,'2020-01-09',4,'小雨','阴',8,5,'东北','东北','≤3','≤3'),(310000,'2020-01-10',5,'小雨','中雨',10,8,'东北','东北','≤3','≤3'),(310000,'2020-01-11',6,'小雨','小雨',9,5,'北','北','4','4'),(320100,'2020-01-08',3,'阴','雨夹雪',5,1,'东北','东北','4','4'),(320100,'2020-01-09',4,'雨夹雪','阴',4,1,'东北','东北','4','4'),(320100,'2020-01-10',5,'中雨','小雨',7,4,'东北','东北','4','4'),(320100,'2020-01-11',6,'小雨','阴',6,1,'北','北','≤3','≤3'),(330100,'2020-01-08',3,'阴','阴',10,3,'东北','东北','≤3','≤3'),(330100,'2020-01-09',4,'小雨','小雨',7,4,'无风向','无风向','≤3','≤3'),(330100,'2020-01-10',5,'中雨','小雨-中雨',10,7,'北','北','4','4'),(330100,'2020-01-11',6,'小雨-中雨','小雨',10,5,'西','西','4','4'),(340100,'2020-01-08',3,'阴','雨夹雪',4,1,'东','东','≤3','≤3'),(340100,'2020-01-09',4,'小雨','阴',4,1,'东北','东北','≤3','≤3'),(340100,'2020-01-10',5,'中雨','小雨',5,3,'北','北','≤3','≤3'),(340100,'2020-01-11',6,'小雨','多云',5,2,'北','北','≤3','≤3'),(350100,'2020-01-08',3,'晴','阴',20,10,'东北','东北','4','4'),(350100,'2020-01-09',4,'多云','多云',18,10,'无风向','无风向','≤3','≤3'),(350100,'2020-01-10',5,'多云','晴',21,12,'无风向','无风向','≤3','≤3'),(350100,'2020-01-11',6,'多云','小雨',25,12,'无风向','无风向','≤3','≤3'),(360100,'2020-01-08',3,'多云','多云',12,6,'无风向','无风向','≤3','≤3'),(360100,'2020-01-09',4,'小雨','小雨',8,6,'无风向','无风向','≤3','≤3'),(360100,'2020-01-10',5,'小雨','小雨',8,6,'无风向','无风向','≤3','≤3'),(360100,'2020-01-11',6,'小雨','阴',8,5,'无风向','无风向','≤3','≤3'),(370100,'2020-01-08',3,'中雪','晴',2,-6,'南','南','≤3','≤3'),(370100,'2020-01-09',4,'多云','多云',4,-5,'南','南','≤3','≤3'),(370100,'2020-01-10',5,'多云','多云',5,-3,'北','北','≤3','≤3'),(370100,'2020-01-11',6,'阴','多云',3,-6,'北','北','≤3','≤3'),(410100,'2020-01-08',3,'阴','阴',4,-2,'南','南','≤3','≤3'),(410100,'2020-01-09',4,'阴','多云',4,-1,'西南','西南','≤3','≤3'),(410100,'2020-01-10',5,'雨夹雪','雨夹雪',4,0,'北','北','≤3','≤3'),(410100,'2020-01-11',6,'阴','多云',5,-2,'东南','东南','≤3','≤3'),(420100,'2020-01-08',3,'多云','中雨',5,2,'东北','东北','4','4'),(420100,'2020-01-09',4,'小雨','小雨',5,2,'无风向','无风向','≤3','≤3'),(420100,'2020-01-10',5,'中雨','小雨',3,1,'北','北','4','4'),(420100,'2020-01-11',6,'阴','多云',6,0,'北','北','≤3','≤3'),(430100,'2020-01-08',3,'多云','小雨',12,5,'无风向','无风向','≤3','≤3'),(430100,'2020-01-09',4,'小雨','小雨',6,4,'无风向','无风向','≤3','≤3'),(430100,'2020-01-10',5,'小雨','中雨',6,3,'北','北','≤3','≤3'),(430100,'2020-01-11',6,'小雨','阴',5,2,'北','北','≤3','≤3'),(440100,'2020-01-08',3,'多云','小雨',27,16,'无风向','无风向','≤3','≤3'),(440100,'2020-01-09',4,'小雨','小雨',24,16,'无风向','无风向','≤3','≤3'),(440100,'2020-01-10',5,'小雨','小雨',25,18,'东','东','4','4'),(440100,'2020-01-11',6,'小雨','小雨',24,12,'北','北','5','5'),(450100,'2020-01-08',3,'雾','多云',24,18,'东南','东南','≤3','≤3'),(450100,'2020-01-09',4,'多云','阴',26,18,'东南','东南','≤3','≤3'),(450100,'2020-01-10',5,'多云','多云',26,16,'东北','东北','4','4'),(450100,'2020-01-11',6,'小雨','小雨',22,11,'东北','东北','≤3','≤3'),(460100,'2020-01-08',3,'阴','多云',26,19,'无风向','无风向','≤3','≤3'),(460100,'2020-01-09',4,'多云','多云',27,20,'无风向','无风向','≤3','≤3'),(460100,'2020-01-10',5,'多云','多云',28,20,'无风向','无风向','≤3','≤3'),(460100,'2020-01-11',6,'多云','小雨',28,20,'东北','东北','4','4'),(500100,'2020-01-08',3,'阴','阴',10,9,'南','南','≤3','≤3'),(500100,'2020-01-09',4,'阴','小雨',12,9,'东北','东北','≤3','≤3'),(500100,'2020-01-10',5,'阴','小雨',11,8,'北','北','≤3','≤3'),(500100,'2020-01-11',6,'多云','多云',13,8,'西','西','≤3','≤3'),(510100,'2020-01-08',3,'阴','阴',13,6,'无风向','无风向','≤3','≤3'),(510100,'2020-01-09',4,'阴','阴',9,5,'无风向','无风向','≤3','≤3'),(510100,'2020-01-10',5,'阴','多云',9,4,'无风向','无风向','≤3','≤3'),(510100,'2020-01-11',6,'晴','多云',13,4,'无风向','无风向','≤3','≤3'),(520100,'2020-01-08',3,'阴','阵雨',18,7,'南','南','≤3','≤3'),(520100,'2020-01-09',4,'阴','阴',17,7,'南','南','≤3','≤3'),(520100,'2020-01-10',5,'多云','小雨',18,4,'东北','东北','≤3','≤3'),(520100,'2020-01-11',6,'阴','多云',8,3,'东北','东北','≤3','≤3'),(530100,'2020-01-08',3,'多云','晴',19,3,'无风向','无风向','≤3','≤3'),(530100,'2020-01-09',4,'晴','晴',18,3,'无风向','无风向','≤3','≤3'),(530100,'2020-01-10',5,'晴','多云',19,4,'无风向','无风向','≤3','≤3'),(530100,'2020-01-11',6,'多云','晴',18,4,'无风向','无风向','≤3','≤3'),(540100,'2020-01-08',3,'多云','小雪',5,-5,'无风向','无风向','≤3','≤3'),(540100,'2020-01-09',4,'多云','晴',7,-6,'无风向','无风向','≤3','≤3'),(540100,'2020-01-10',5,'晴','多云',5,-7,'无风向','无风向','≤3','≤3'),(540100,'2020-01-11',6,'晴','多云',6,-7,'无风向','无风向','≤3','≤3'),(610100,'2020-01-08',3,'阴','阴',1,-1,'东北','东北','≤3','≤3'),(610100,'2020-01-09',4,'阴','雨夹雪',3,0,'西','西','≤3','≤3'),(610100,'2020-01-10',5,'小雨','多云',3,-1,'东','东','≤3','≤3'),(610100,'2020-01-11',6,'晴','晴',6,-3,'东北','东北','≤3','≤3'),(620100,'2020-01-08',3,'多云','多云',3,-4,'东','东','≤3','≤3'),(620100,'2020-01-09',4,'阴','阴',3,-5,'东北','东北','≤3','≤3'),(620100,'2020-01-10',5,'小雪','多云',-1,-9,'西南','西南','≤3','≤3'),(620100,'2020-01-11',6,'晴','晴',5,-9,'北','北','≤3','≤3'),(630100,'2020-01-08',3,'晴','多云',2,-9,'无风向','无风向','≤3','≤3'),(630100,'2020-01-09',4,'阴','小雪',0,-9,'无风向','无风向','≤3','≤3'),(630100,'2020-01-10',5,'多云','晴',-2,-12,'无风向','无风向','≤3','≤3'),(630100,'2020-01-11',6,'晴','晴',2,-12,'西','西','≤3','≤3'),(640100,'2020-01-08',3,'多云','多云',0,-8,'无风向','无风向','≤3','≤3'),(640100,'2020-01-09',4,'多云','小雪',0,-8,'无风向','无风向','≤3','≤3'),(640100,'2020-01-10',5,'小雪','阴',0,-9,'无风向','无风向','≤3','≤3'),(640100,'2020-01-11',6,'晴','晴',2,-8,'无风向','无风向','≤3','≤3'),(650100,'2020-01-08',3,'雾','多云',-13,-14,'无风向','无风向','≤3','≤3'),(650100,'2020-01-09',4,'多云','多云',-7,-13,'无风向','无风向','≤3','≤3'),(650100,'2020-01-10',5,'多云','多云',-7,-15,'无风向','无风向','≤3','≤3'),(650100,'2020-01-11',6,'多云','晴',-8,-15,'无风向','无风向','≤3','≤3'),(710000,'2020-01-08',3,'阴','阴',19,15,'东','东','7','7'),(710000,'2020-01-09',4,'多云','多云',20,16,'东','东','4','4'),(710000,'2020-01-10',5,'多云','晴',21,17,'无风向','无风向','≤3','≤3'),(710000,'2020-01-11',6,'晴','小雨',21,16,'东北','东北','4','4'),(810000,'2020-01-08',3,'多云','多云',25,19,'无风向','无风向','≤3','≤3'),(810000,'2020-01-09',4,'多云','多云',21,19,'东','东','4','4'),(810000,'2020-01-10',5,'多云','多云',22,19,'无风向','无风向','≤3','≤3'),(810000,'2020-01-11',6,'多云','小雨',23,17,'东北','东北','4','4'),(820000,'2020-01-08',3,'多云','多云',23,18,'东','东','4','4'),(820000,'2020-01-09',4,'多云','多云',20,18,'东','东','4','4'),(820000,'2020-01-10',5,'多云','阴',22,18,'无风向','无风向','≤3','≤3'),(820000,'2020-01-11',6,'多云','小雨',23,15,'北','北','5','5');
/*!40000 ALTER TABLE `prediction2` ENABLE KEYS */;
UNLOCK TABLES;

--
-- Table structure for table `today`
--

DROP TABLE IF EXISTS `today`;
/*!40101 SET @saved_cs_client     = @@character_set_client */;
/*!50503 SET character_set_client = utf8mb4 */;
CREATE TABLE `today` (
  `province` varchar(100) DEFAULT NULL,
  `city` varchar(100) DEFAULT NULL,
  `adcode` int(11) DEFAULT NULL,
  `weather` varchar(100) DEFAULT NULL,
  `temperature` int(11) DEFAULT NULL,
  `winddirection` varchar(100) DEFAULT NULL,
  `windpower` varchar(100) DEFAULT NULL,
  `humidity` int(11) DEFAULT NULL,
  `reporttime` varchar(100) DEFAULT NULL
) ENGINE=InnoDB DEFAULT CHARSET=utf8mb4 COLLATE=utf8mb4_0900_ai_ci;
/*!40101 SET character_set_client = @saved_cs_client */;

--
-- Dumping data for table `today`
--

LOCK TABLES `today` WRITE;
/*!40000 ALTER TABLE `today` DISABLE KEYS */;
INSERT INTO `today` VALUES ('北京','北京市',110000,'晴',-2,'北','≤3',62,'2020-01-08 20:36:54'),('天津','天津市',120000,'晴',-1,'西北','≤3',62,'2020-01-08 20:36:02'),('河北','石家庄市',130100,'晴',-1,'北','≤3',77,'2020-01-08 20:32:43'),('山西','太原市',140100,'晴',-3,'西南','≤3',84,'2020-01-08 20:37:10'),('内蒙古','呼和浩特市',150100,'多云',-12,'西北','≤3',71,'2020-01-08 20:24:23'),('辽宁','沈阳市',210100,'多云',-6,'东北','≤3',74,'2020-01-08 20:22:04'),('吉林','长春市',220100,'雪',-11,'西南','≤3',91,'2020-01-08 20:35:39'),('黑龙江','哈尔滨市',230100,'阴',-18,'西南','≤3',78,'2020-01-08 20:22:29'),('上海','上海市',310000,'多云',6,'北','≤3',58,'2020-01-08 20:27:23'),('江苏','南京市',320100,'阴',4,'东北','≤3',70,'2020-01-08 20:27:00'),('浙江','杭州市',330100,'多云',5,'东北','≤3',71,'2020-01-08 20:30:31'),('安徽','合肥市',340100,'阴',3,'西北','≤3',84,'2020-01-08 20:26:30'),('福建','福州市',350100,'晴',12,'东','≤3',66,'2020-01-08 20:27:28'),('江西','南昌市',360100,'多云',8,'北','≤3',71,'2020-01-08 20:33:56'),('山东','济南市',370100,'阴',-3,'东南','≤3',88,'2020-01-08 20:28:19'),('河南','郑州市',410100,'阴',2,'东南','≤3',84,'2020-01-08 20:23:56'),('湖北','武汉市',420100,'阴',3,'东北','≤3',88,'2020-01-08 20:23:04'),('湖南','长沙市',430100,'多云',7,'北','≤3',76,'2020-01-08 20:25:53'),('广东','广州市',440100,'晴',20,'东北','≤3',58,'2020-01-08 20:24:59'),('广西','南宁市',450100,'晴',21,'东南','≤3',82,'2020-01-08 20:31:08'),('海南','海口市',460100,'阴',21,'东','≤3',83,'2020-01-08 20:29:34'),('重庆','重庆城区',500100,'雨',8,'西北','≤3',94,'2020-01-08 20:29:21'),('四川','成都市',510100,'阴',9,'北','≤3',75,'2020-01-08 20:34:39'),('贵州','贵阳市',520100,'阴',16,'南','≤3',78,'2020-01-08 20:29:15'),('云南','昆明市',530100,'晴',14,'西南','≤3',54,'2020-01-08 20:36:39'),('西藏','拉萨市',540100,'多云',3,'西南','4',19,'2020-01-08 20:26:45'),('陕西','西安市',610100,'阴',1,'西','≤3',89,'2020-01-08 20:28:29'),('甘肃','兰州市',620100,'多云',0,'西','≤3',59,'2020-01-08 20:33:04'),('青海','西宁市',630100,'晴',-1,'东南','≤3',46,'2020-01-08 20:29:45'),('宁夏','银川市',640100,'多云',-2,'东北','≤3',53,'2020-01-08 20:29:53'),('新疆','乌鲁木齐市',650100,'多云',-15,'西北','≤3',83,'2020-01-08 20:25:27'),('台湾','台湾省',710000,'阴',13,'东北','4',74,'2020-01-08 20:34:17'),('香港','香港特别行政区',810000,'多云',20,'东南','≤3',54,'2020-01-08 20:33:33'),('澳门','澳门特别行政区',820000,'多云',21,'东南','≤3',60,'2020-01-08 20:34:17');
/*!40000 ALTER TABLE `today` ENABLE KEYS */;
UNLOCK TABLES;
/*!40103 SET TIME_ZONE=@OLD_TIME_ZONE */;

/*!40101 SET SQL_MODE=@OLD_SQL_MODE */;
/*!40014 SET FOREIGN_KEY_CHECKS=@OLD_FOREIGN_KEY_CHECKS */;
/*!40014 SET UNIQUE_CHECKS=@OLD_UNIQUE_CHECKS */;
/*!40101 SET CHARACTER_SET_CLIENT=@OLD_CHARACTER_SET_CLIENT */;
/*!40101 SET CHARACTER_SET_RESULTS=@OLD_CHARACTER_SET_RESULTS */;
/*!40101 SET COLLATION_CONNECTION=@OLD_COLLATION_CONNECTION */;
/*!40111 SET SQL_NOTES=@OLD_SQL_NOTES */;

-- Dump completed on 2020-01-09 11:05:49
