<?xml version="1.0" encoding="UTF-8"?>
<beans xmlns="http://www.springframework.org/schema/beans"
       xmlns:xsi="http://www.w3.org/2001/XMLSchema-instance"
       xsi:schemaLocation="http://www.springframework.org/schema/beans http://www.springframework.org/schema/beans/spring-beans.xsd">
    <bean id="captchaProducer" class="com.google.code.kaptcha.impl.DefaultKaptcha">
        <property name="config">
            <bean class="com.google.code.kaptcha.util.Config">
                <constructor-arg type="java.util.Properties">
                    <props>
                        <!--是否使用边框-->
                        <prop key = "kaptcha.border ">yes</prop>
                        <!--边框颜色-->
                        <prop key="kaptcha.border.color">105,179,90</prop>
                        <!--验证码字体颜色-->
                        <prop key="kaptcha.textproducer.font.color">blue</prop>
                        <!--验证码图片的宽度-->
                        <prop key="kaptcha.image.width">100</prop>
                        <!--验证码图片的高度-->
                        <prop key="kaptcha.image.height">50</prop>
                        <!--验证码字体的大小-->
                        <prop key="kaptcha.textproducer.font.size">27</prop>
                        <!--验证码保存在session的key-->
                        <prop key="kaptcha.session.key">code</prop>
                        <!--验证码输出的字符长度-->
                        <prop key="kaptcha.textproducer.char.length">4</prop>
                        <!--验证码的字体设置-->
                        <prop key="kaptcha.textproducer.font.names">宋体,楷体,微软雅黑</prop>
                        <!--验证码的取值范围-->
                        <prop key="kaptcha.textproducer.char.string">0123456789ABCEFGHIJKLMNOPQRSTUVWXYZ</prop>
                        <!--图片的样式-->
                        <prop key="kaptcha.obscurificator.impl">com.google.code.kaptcha.impl.WaterRipple</prop>
                        <!--干扰颜色，合法值： r,g,b 或者 white,black,blue.-->
                        <prop key="kaptcha.noise.color">black</prop>
                        <!--干扰实现类-->
                        <prop key="kaptcha.noise.impl">com.google.code.kaptcha.impl.DefaultNoise</prop>
                        <!--背景颜色渐变，开始颜色-->
                        <prop key="kaptcha.background.clear.from">185,56,213</prop>
                        <!--背景颜色渐变，结束颜色-->
                        <prop key="kaptcha.background.clear.to">white</prop>
                        <!--文字间隔-->
                        <prop key="kaptcha.textproducer.char.space">3</prop>
                    </props>
                </constructor-arg>
            </bean>
        </property>
    </bean>
</beans>